Marianna,Kilback,sebastian.jaskolski@ullrichsmitham.org,546.087.6208,2017-07-27
Cade,Hayes,marlin@powlowski.biz,(604) 889-9999 x52412,2017-11-01
Jessika,O'Reilly,verner.goodwin@ruelschuster.io,(564) 720-8685,2018-05-21
Efrain,Homenick,matteo_corkery@shanahanbradtke.net,749-505-5994,2018-02-09
Aliya,Harris,werner_grimes@blanda.net,601.367.1822 x5396,2018-01-11
Sabryna,Quigley,richie@maggio.info,1-172-671-3811 x8268,2018-04-04
Cleo,Langworth,marlene_mills@king.com,1-726-301-7246 x97319,2017-08-24
Obie,Beatty,vanea_kiehn@schoen.info,258-532-9868,2018-06-14
Jacinto,Connelly,hudson_pagac@johns.com,(706) 832-9827 x23965,2017-10-31
Eula,Grady,dylan.reinger@little.biz,664.410.7614 x30794,2017-11-14
Marge,Veum,samara@witting.co,195-460-4932 x723,2018-04-21
Jess,Runolfsdottir,yadira.weinat@stanton.io,176.613.4616,2018-02-25
Lempi,Mitchell,torey@erdmanbechtelar.info,1-379-066-5959,2017-08-14
Frieda,Shields,maxine@zulauf.name,169-332-4191,2017-12-21
Donnell,Muller,bruce_torphy@nikolaus.co,886-398-1905 x1605,2018-01-09
